{"subject":"Execute strategySize first in write() (#680)","date":"2017-02-17","hash":"311b52c","author":"ricea@"}
{"author":"ricea@","date":"2017-02-15","subject":"Correct bad variable in PromiseInvokeOrNoop","hash":"57d54e7"}
{"author":"d@","hash":"c9d7b9d","subject":"Fix queue total size tracking logic","date":"2017-02-14"}
{"subject":"Various WritableStream fixes","date":"2017-02-13","hash":"113b340","author":"till@"}
{"author":"github2.nobled@","subject":"Fix readable byte streams' autoAllocateChunkSize","date":"2017-01-26","hash":"0f72870"}
{"author":"tyoshino@","subject":"WritableStream abort logic clean up and fix","date":"2017-01-25","hash":"c6c0a6e"}
{"author":"ricea@","date":"2017-01-23","subject":"Link \"transforming _p_ with a fulfillment handler\" (#665)","hash":"5dd74a2"}
{"author":"ricea@","hash":"7b26fa3","subject":"Minor fixes to TransformStream w-p-ts (#666)","date":"2017-01-23"}
{"subject":"Mark pipeTo promise created by pipeThrough as handled","date":"2017-01-20","hash":"9414008","author":"d@"}
{"author":"d@","date":"2017-01-19","subject":"Update web-platform-test running infrastructure","hash":"8c36f8a"}
{"author":"d@","hash":"30d31be","subject":"Move to the upstream versions of WPTs","date":"2017-01-19"}
{"subject":"Convert readable byte stream tests to WPT format","date":"2017-01-18","hash":"7285b02","author":"till@"}
{"author":"annevk@","date":"2017-01-17","subject":"Meta: enable running the HTML checker on the spec","hash":"f8ed321"}
{"date":"2017-01-13","subject":"Meta: use dfn.js instead of Bikeshed's definition panels","hash":"421e621","author":"d@"}
{"author":"github2.nobled@","hash":"a50d57c","date":"2017-01-13","subject":"add assert to byte stream controller [[Pull]]() (#649)"}
{"hash":"d899e0b","subject":"Meta: add a service worker to the spec","date":"2017-01-12","author":"d@"}
{"date":"2017-01-11","subject":"Correctly handle releaseLock() during close() (#645)","hash":"3476677","author":"ricea@"}
{"author":"till@","hash":"b1c55b9","date":"2017-01-10","subject":"Fix emptyView construction"}
{"hash":"e381d95","subject":"Fix assert in ReadableByteStreamControllerCommitPullIntoDescriptor","date":"2017-01-10","author":"till@"}
{"date":"2017-01-10","subject":"Fix ReadableByteStreamControllerRespondWithNewView comparison","hash":"9ea8a15","author":"till@"}
{"author":"ricea@","hash":"5ec5d56","subject":"Include server-worker include in pipe-through test (#642)","date":"2017-01-10"}
{"subject":"Remove fallback from underlying sink abort to close","date":"2017-01-06","hash":"b412a96","author":"d@"}
{"author":"till@","subject":"Move controller type check to ReadableStreamBYOBReader constructor","date":"2017-01-06","hash":"e4b97e6"}
{"author":"ricea@","date":"2017-01-06","subject":"When underlyingSink.close() fulfills, assert state","hash":"fc065d1"}
{"author":"d@","hash":"22b3f03","subject":"Add test coverage for aborting during a close","date":"2017-01-05"}
{"subject":"Add test coverage for aborting during a write","date":"2017-01-05","hash":"43c4b00","author":"d@"}
{"author":"github2.nobled@","date":"2016-12-21","subject":"Don't invoke [[strategySize]] as method","hash":"68aa48c"}
{"author":"d@","hash":"66f9449","subject":"Editorial: a variety of writable stream tidy-ups","date":"2016-12-21"}
{"subject":"Editorial: fix a few typos","date":"2016-12-16","hash":"fe04ee8","author":"d@"}
{"author":"tkrotoff@","date":"2016-12-16","subject":"Fix missing comma in example","hash":"408b6d0"}
{"author":"d@","hash":"9ed89e5","date":"2016-12-16","subject":"Allow running web platform tests with glob filters"}
{"author":"ricea@","date":"2016-12-07","subject":"Reject the correct writer.closed promise on errored release","hash":"551489c"}
{"subject":"Editorial: remove ZERO WIDTH JOINER characters","date":"2016-12-04","hash":"c58d42a","author":"ricea@"}
{"author":"ricea@","hash":"591a6ed","subject":"Make write() and close() non-interruptible (#619)","date":"2016-12-04"}
{"hash":"872188a","date":"2016-11-27","subject":"Do not assert() when writer is detached during close() (#621)","author":"ricea@"}
{"author":"d@","date":"2016-11-25","subject":"Meta: fix Japanese translation language code","hash":"1f1263b"}
{"subject":"Test that implementation does not call .apply() or .call() (#613)","date":"2016-11-16","hash":"b207635","author":"ricea@"}
{"author":"d@","hash":"25839cc","date":"2016-11-14","subject":"Editorial: consistently use minimal returns"}
{"author":"d@","date":"2016-11-14","subject":"Editorial: minor formatting fix","hash":"8bdee03"}
{"date":"2016-11-14","subject":"Editorial: linkify some promise terms","hash":"4a25c67","author":"d@"}
{"date":"2016-11-14","subject":"Mark promise rejections for \"state promises\" as handled","hash":"0745219","author":"d@"}
{"date":"2016-11-14","subject":"Editorial: consistently use \"non-negative\" (with a hyphen)","hash":"fbe8b56","author":"d@"}
{"date":"2016-11-14","subject":"Minor fixes to writable-stream tests","hash":"33cfc54","author":"ricea@"}
{"subject":"Remove trivial non-zero delays in wpts (#605)","date":"2016-11-11","hash":"a3c394a","author":"ricea@"}
{"author":"github2.nobled@","hash":"c05f686","date":"2016-11-10","subject":"port piping tests to WPT (#603)"}
{"author":"github2.nobled@","date":"2016-11-09","subject":"WPT-ify most of the remaining tape tests (#604)","hash":"ae749d6"}
{"subject":"delete dead test helper code (#602)","date":"2016-11-05","hash":"b1c008a","author":"github2.nobled@"}
{"author":"github2.nobled@","hash":"24681ed","subject":"WPT-ify some tests (#597)","date":"2016-11-04"}
{"hash":"2a723c2","subject":"Test non-function strategy.size for writable streams","date":"2016-11-04","author":"github2.nobled@"}
{"subject":"use abstract ops in TransformStream implementation (#598)","date":"2016-11-04","hash":"61a47f9","author":"github2.nobled@"}
{"author":"d@","date":"2016-11-04","subject":"Explain why you can release a writer lock while writes are pending (#578)","hash":"000865c"}
{"author":"github2.nobled@","hash":"ab6e7a8","date":"2016-11-03","subject":"Fix error text in reference implementation"}
{"hash":"20d738f","subject":"Sync spec and implementation of autoAllocateChunkSize","date":"2016-11-03","author":"github2.nobled@"}
{"subject":"Test non-function sink.abort","date":"2016-11-03","hash":"445a21a","author":"github2.nobled@"}
{"author":"d@","subject":"Add code coverage reporting to the reference implementation/tests","date":"2016-11-03","hash":"6ee11ff"}
{"author":"github2.nobled@","date":"2016-11-03","subject":"remove dead code (#593)","hash":"d4599bb"}
{"author":"d@","hash":"9312f2c","date":"2016-11-02","subject":"Fix test that forgot to return a promise"}
{"hash":"ceec194","date":"2016-11-02","subject":"Meta: clean up some contribution guidelines","author":"d@"}
{"hash":"8a264c9","date":"2016-11-02","subject":"Minor style and lint fixes for the reference implementation","author":"github2.nobled@"}
{"hash":"8dddfba","subject":"Assert invariants in InvokeOrNoop and friends","date":"2016-11-02","author":"github2.nobled@"}
{"date":"2016-11-02","subject":"WritableStream: Test no-op releaseLock","hash":"96e827f","author":"ricea@"}
{"author":"annevk@","hash":"e75b984","subject":"Editorial: export terms needed by Fetch","date":"2016-10-31"}
{"subject":"Add done() to the end of w-p-t JavaScript files","date":"2016-10-31","hash":"c9f7b73","author":"ricea@"}
{"author":"github2.nobled@","date":"2016-10-31","subject":"Require methods to be actual functions before calling them (#580)","hash":"f2e2e90"}
{"author":"github2.nobled@","hash":"c1ce1db","subject":"Don't mandate a transform method for TransformStream","date":"2016-10-28"}
{"date":"2016-10-28","subject":"Rigorously specify and test pipeTo","hash":"fd44398","author":"d@"}
{"author":"tyoshino@","hash":"f58fb6c","date":"2016-10-29","subject":"Follow up for #550 (#577)"}
{"hash":"5d58d36","subject":"Refactor TransformStream's backpressure handling (#571)","date":"2016-10-28","author":"tyoshino@"}
{"subject":"fixup Markdown docs (#575)","date":"2016-10-28","hash":"6a6c781","author":"github2.nobled@"}
{"author":"ricea@","date":"2016-10-28","subject":"Tests for Sink methods returning thenable (#570)","hash":"3eb452e"}
{"author":"tyoshino@","subject":"Editorial: replace some example IDs with more descriptive ones","date":"2016-10-27","hash":"1b98bd4"}
{"hash":"efb38a3","subject":"make TransformStream respect backpressure (#550)","date":"2016-10-27","author":"github2.nobled@"}
{"author":"d@","hash":"f887a0d","subject":"Editorial: add stable example IDs (#564)","date":"2016-10-27"}
{"author":"github2.nobled@","hash":"a3c58b7","date":"2016-10-26","subject":"Remove Examples.md and TeeStream.md"}
{"subject":"Fix assert in WritableStreamAddWriteRequest","date":"2016-10-26","hash":"46f1d7c","author":"ricea@"}
{"hash":"ead9735","subject":"Editorial: tweak wording of various promise-calling helpers (#562)","date":"2016-10-26","author":"d@"}
{"author":"marvin@","hash":"5dd1862","subject":"Port writable stream abort tests to web-platform-tests","date":"2016-10-25"}
{"author":"ricea@","hash":"e8c6c52","subject":"Small fix to new WritableStreamDefaultWriter()","date":"2016-10-25"}
{"author":"github2.nobled@","hash":"b7da96a","subject":"Add cross-references to the promises guide phrases used","date":"2016-10-25"}
{"author":"tyoshino@","hash":"a2435be","date":"2016-10-24","subject":"Remove the remaining use of \"waiting\" state"}
{"subject":"Fix use of `this` in AcquireWritableStreamDefaultWriter (#555)","date":"2016-10-24","hash":"1ec1273","author":"ricea@"}
{"hash":"dd44b4e","subject":"Fix some internal slot descriptions","date":"2016-10-21","author":"github2.nobled@"}
{"author":"github2.nobled@","hash":"162aebc","date":"2016-10-21","subject":"byte streams do not have [[strategySize]] (#549)"}
{"date":"2016-10-19","subject":"Add tests for WritableStreamDefaultWriter and Controller constructors","hash":"0037488","author":"ricea@"}
{"author":"tyoshino@","subject":"Add Simon Menke to Acknowledgment","date":"2016-10-20","hash":"848cb2c"}
{"hash":"aba1515","date":"2016-10-20","subject":"Typo fix in ReadableStreamDefaultControllerEnqueue spec text","author":"tyoshino@"}
{"date":"2016-10-19","subject":"Editorial: change underlyingSource to underlyingSink (#545)","hash":"bb9e4bc","author":"ricea@"}
{"author":"ricea@","subject":"Add controller arguments to sink write and close","date":"2016-10-18","hash":"8c81c93"}
{"hash":"3591036","subject":"Add appropriate brand checks for TransformStreams","date":"2016-10-17","author":"github2.nobled@"}
{"author":"d@","hash":"ff1d3c9","date":"2016-10-14","subject":"Fix remaining lint errors in to-upstream tests"}
{"subject":"Port some TransformStream tests to web platform tests","date":"2016-10-14","hash":"2862f25","author":"marvin@"}
{"hash":"60dea0b","subject":"Lint fixes to new web-platform-tests (#539)","date":"2016-10-14","author":"ricea@"}
{"author":"ricea@","hash":"6b150d9","subject":"Change 3 tests from async_test to promise_test (#537)","date":"2016-10-14"}
{"author":"d@","hash":"5f5b019","subject":"Meta: fix test runner to exit correctly on web platform test failures","date":"2016-10-13"}
{"author":"ricea@","hash":"bfa0088","subject":"Port remaining writable-stream.js tests to WPT format","date":"2016-10-13"}
{"author":"d@","hash":"0b4ab85","date":"2016-10-13","subject":"Update ReadableStreamTee to allow cloning for only the second branch"}
{"date":"2016-10-13","subject":"Port test that sink methods are called as methods (#535)","hash":"bec4953","author":"ricea@"}
{"author":"ricea@","date":"2016-10-13","subject":"Eliminate usages of async_test (#534)","hash":"a7679b5"}
{"author":"tyoshino@","subject":"No need to reject writePromise in TransformStreamErrorInternal (#533)","date":"2016-10-12","hash":"8a671b6"}
{"hash":"294d720","date":"2016-10-12","subject":"Add isonmad to the acknowledgement section.","author":"tyoshino@"}
{"subject":"Update TransformStream API & misc. fixups (#519)","date":"2016-10-12","hash":"a957cc5","author":"github2.nobled@"}
{"hash":"0dc8903","subject":"Editorial: update some HTML spec references","date":"2016-10-11","author":"d@"}
{"author":"d@","hash":"ba1e784","subject":"Reject writer.ready promise on errors, instead of fulfilling","date":"2016-10-11"}
{"author":"ricea@","hash":"a531e46","subject":"Fix typo: AcquireWritableStreamDefaultReader","date":"2016-10-11"}
{"author":"ricea@","hash":"1bacf43","subject":"Port close() tests to web-platform-tests (#529)","date":"2016-10-11"}
{"author":"ricea@","hash":"b0c598e","subject":"Port write() tests to web-platform-tests (#527)","date":"2016-10-11"}
{"author":"ricea@","hash":"25cd13c","date":"2016-10-07","subject":"Port start() tests to web-platform-tests (#525)"}
{"subject":"Port constructor tests to web-platform-tests (#524)","date":"2016-10-06","hash":"b262d7b","author":"ricea@"}
{"hash":"da10fb1","subject":"Change async test to a promise_test (#523)","date":"2016-10-05","author":"ricea@"}
{"author":"github2.nobled@","hash":"8436fab","date":"2016-10-03","subject":"remove inaccurate nothrow (#522)"}
{"subject":"Tidy up ReadableByteStreamControllerCallPullIfNeeded","date":"2016-09-25","hash":"7ba2589","author":"isonmad@"}
{"hash":"4be6fd1","date":"2016-09-25","subject":"Add asserts to ReadableStreamDefaultController","author":"isonmad@"}
{"date":"2016-09-25","subject":"Fix typo in WritableStreamDefaultWriterClose","hash":"3fd1246","author":"isonmad@"}
{"author":"d@","subject":"Factor out WritableStreamDefaultWriterRelease","date":"2016-09-09","hash":"aa59974"}
{"hash":"4907cd4","subject":"Tweak the linter configuration for the reference implementation","date":"2016-09-01","author":"tyoshino@"}
{"author":"tyoshino@","hash":"eb9bb0c","subject":"Convert some general tests for ws into wpt","date":"2016-08-31"}
{"author":"d@","hash":"0810b64","date":"2016-08-26","subject":"Use HTML's Transfer abstract operation directly"}
{"subject":"Fix up the writable stream examples","date":"2016-08-22","hash":"aff2c3a","author":"d@"}
{"hash":"1fcd565","subject":"Update the push source byte stream example","date":"2016-08-22","author":"tyoshino@"}
{"author":"ricea@","hash":"2a061c8","subject":"Change example of push stream from TCP to UDP","date":"2016-08-22"}
{"author":"ricea@","hash":"37993c1","subject":"Fix some comments in the TransformStream reference implementation","date":"2016-08-19"}
{"author":"tyoshino@","hash":"34ecaad","date":"2016-08-05","subject":"Factor out some reference implementation logic into helper functions"}
{"subject":"Make writer.desiredSize return 0 for closed streams","date":"2016-08-05","hash":"8a58378","author":"tyoshino@"}
{"hash":"f4c0c31","date":"2016-08-04","subject":"Remove unchecked expectation from readable byte stream test","author":"tyoshino@"}
{"subject":"Fix broken intra-document link","date":"2016-08-04","hash":"1eec7fc","author":"d@"}
{"hash":"7004bf1","date":"2016-08-04","subject":"Fix web socket writable stream example","author":"d@"}
{"subject":"Add non-normative explanations of all new writable stream public APIs","date":"2016-08-04","hash":"14f9210","author":"d@"}
{"hash":"c4929d6","date":"2016-08-04","subject":"Add an example of using desiredSize and ready with writable streams","author":"d@"}
{"subject":"Add a lint step for the reference implementation","date":"2016-08-04","hash":"62f9269","author":"d@"}
{"hash":"40e9efb","subject":"Update spec to use ReadableStreamDefaultControllerErrorIfNeeded","date":"2016-08-04","author":"tyoshino@"}
{"author":"tyoshino@","hash":"e81ee43","subject":"Rename some headings IDs for consistency","date":"2016-08-04"}
{"author":"tyoshino@","hash":"3598e11","date":"2016-08-04","subject":"Fix a typo in Global Properties section"}
{"author":"tyoshino@","hash":"28c20b1","subject":"Factor out state checking and ReadableStreamDefaultControllerError() call into a new abstract op","date":"2016-08-04"}
{"author":"tyoshino@","subject":"Move the helper functions in writable-stream.js to the bottom of the file","date":"2016-08-04","hash":"ce43571"}
{"date":"2016-08-04","subject":"Add locking and precise flow control to WritableStream","hash":"5a27534","author":"tyoshino@"}
{"hash":"8c89f6f","subject":"Perform some caching in the reference implementation","date":"2016-08-04","author":"tyoshino@"}
{"author":"d@","subject":"Remove some metadata from the reference implementation","date":"2016-08-01","hash":"da868e0"}
{"date":"2016-08-01","subject":"Fix wrong event handler name in web socket examples","hash":"17128c2","author":"d@"}
{"hash":"69aaf14","date":"2016-08-01","subject":"Add Adam Rice to the acknowledgement","author":"tyoshino@"}
{"author":"ricea@","hash":"683af59","date":"2016-08-01","subject":"Remove mention of the POSIX socket API, since this is not it."}
{"author":"tyoshino@","hash":"ba5cc06","date":"2016-07-15","subject":"Wrap t.error with a lambda when passing to .catch()"}
{"author":"d@","hash":"2fa513b","subject":"Use RangeError instead of TypeError for NaN high water marks","date":"2016-07-06"}
{"author":"d@","subject":"Use IsFiniteNonNegativeNumber in EnqueueValueWithSize","date":"2016-07-06","hash":"c384b10"}
{"date":"2016-06-29","subject":"Fix several links to the JS spec","hash":"8d5f2ec","author":"d@"}
{"hash":"174b42a","subject":"Tweak ReadableByteStreamControllerEnqueue algorithm structure","date":"2016-06-29","author":"d@"}
{"author":"d@","subject":"Fix typo in ReadableByteStreamControllerFillPullIntoDescriptorFromQueue","date":"2016-06-28","hash":"7df1098"}
{"date":"2016-06-28","subject":"Tighten an assertion in ReadableStreamReaderGenericRelease","hash":"1ac6d61","author":"tyoshino@"}
{"hash":"8394fdd","date":"2016-06-28","subject":"Fix pendingPullIntos access in ReadableByteStreamControllerClose()","author":"tyoshino@"}
{"author":"tyoshino@","hash":"3424528","subject":"Fix typo in respondWithNewView(view)","date":"2016-06-10"}
{"author":"d@","date":"2016-06-03","subject":"Use . instead of @ for internal slot access","hash":"7791c58"}
{"hash":"da4229e","date":"2016-05-27","subject":"Add an assert on stream's state when adding read/read into requests","author":"tyoshino@"}
{"author":"tyoshino@","hash":"0cadccd","subject":"Move assertion on stream from ReadableStreamCancel to its caller","date":"2016-05-27"}
{"author":"tyoshino@","subject":"Update reference implementation test runner dependency","date":"2016-05-27","hash":"687e629"}
{"date":"2016-05-27","subject":"Fix PromiseInvokeOrNoop autolinking","hash":"5c9ba49","author":"tyoshino@"}
{"hash":"6101e63","subject":"Fix some minor algorithm mistakes","date":"2016-05-27","author":"tyoshino@"}
{"author":"d@","subject":"Fix #449: incorrect variable names in ReadableStreamTee","date":"2016-05-24","hash":"0e4bbd1"}
{"subject":"Fix ReadableStream highWaterMark defaulting","date":"2016-05-13","hash":"a3a7342","author":"d@"}
{"subject":"Update abstract operation autolinking tooling","date":"2016-05-09","hash":"abc9ade","author":"d@"}
{"subject":"Fix reference implementation test runs in Node v6","date":"2016-05-09","hash":"21f953d","author":"d@"}
{"date":"2016-05-09","subject":"Update reference implementation for Node v6","hash":"232262a","author":"d@"}
{"hash":"5d66e5e","date":"2016-05-09","subject":"Delete unmaintained ReadableByteStream documentation","author":"d@"}
{"author":"d@","hash":"e9aba27","date":"2016-05-09","subject":"Mostly-editorial tweaks to align with newer ES algorithm styles"}
{"author":"d@","hash":"320f852","subject":"Update the FAQ to reflect ReadableStream swallowing ReadableByteStream","date":"2016-04-26"}
{"author":"d@","date":"2016-04-26","subject":"Fix the reference implementation's ReadableStreamBYOBRequest","hash":"24161b5"}
{"hash":"7fbe414","subject":"Fix a variety of algorithm mistakes","date":"2016-04-26","author":"mike@"}
{"author":"d@","subject":"Remove web platform tests from this repo","date":"2016-04-26","hash":"85260dc"}
{"date":"2016-04-26","subject":"Add link to Japanese translation","hash":"39fe868","author":"d@"}
{"hash":"99cfb62","date":"2016-04-21","subject":"Fix a flaky ReadableStream test","author":"youennf@"}
{"author":"d@","hash":"007150f","subject":"Add Contributing.md with various editing guidelines","date":"2016-04-21"}
{"author":"tyoshino@","date":"2016-04-18","subject":"Remove readable-byte-stream.js","hash":"e4ed58b"}
{"hash":"bdeea37","subject":"Another minor example fix","date":"2016-04-12","author":"d@"}
{"author":"d@","subject":"Minor fixes to an example and to cross-references","date":"2016-04-12","hash":"95b7cca"}
{"subject":"Tidy up readme and add code of conduct","date":"2016-04-08","hash":"6cd90f5","author":"d@"}
{"subject":"Change how you construct a readable byte stream","date":"2016-04-08","hash":"3a6caaa","author":"tyoshino@"}
{"date":"2016-04-08","subject":"Rename ReadableStreamBYOBController to ReadableByteStreamController","hash":"0c2d4cb","author":"tyoshino@"}
{"hash":"613b35b","date":"2016-04-08","subject":"Merge getBYOBReader() into getReader()","author":"tyoshino@"}
{"author":"d@","hash":"037694a","subject":"Rewrite \"Global Properties\" section","date":"2016-03-31"}
{"author":"d@","subject":"Update header to latest WHATWG style","date":"2016-03-31","hash":"cfb4111"}
{"subject":"Remove \"State Machine Diagrams\" section","date":"2016-03-31","hash":"b03c3fd","author":"d@"}
{"date":"2016-03-31","subject":"Remove \"Other Stream Implementations\" section","hash":"6e1bed7","author":"d@"}
{"hash":"bfd4522","date":"2016-03-31","subject":"Improve cross-linking and other editorial issues","author":"d@"}
{"author":"tyoshino@","hash":"ed46abe","subject":"Make exception message and state extraction (spec text) of close() and enqueue() method consistent","date":"2016-03-28"}
{"author":"tyoshino@","date":"2016-03-28","subject":"Merge ReadableByteStream into ReadableStream!","hash":"e601d69"}
{"hash":"27c77cd","date":"2016-03-09","subject":"Fix some more WebSocket examples","author":"tyoshino@"}
{"author":"tyoshino@","hash":"d048e8f","date":"2016-03-09","subject":"Fix makeReadableWebSocketStream() example"}
{"author":"gwicke@","hash":"7eee125","subject":"Fix constness bug in benchmark runner","date":"2016-02-26"}
{"author":"zcorpan@","subject":"Fix typos","date":"2016-01-18","hash":"cc358d5"}
{"subject":"Fix #425: clarify non-normative description of pull","date":"2016-01-15","hash":"aa1fb56","author":"d@"}
{"subject":"Improve tests about erroring a readable stream when enqueuing","date":"2016-01-12","hash":"7f19175","author":"calvaris@"}
{"subject":"Fill the internal slots section of ReadableByteStreamController","date":"2015-12-28","hash":"42cbdc7","author":"tyoshino@"}
{"date":"2015-12-21","subject":"Fix the spec for the last commit","hash":"4ba861e","author":"d@"}
{"hash":"2e7f87e","date":"2015-12-21","subject":"Call ErrorReadableStream only when the state is \"readable\"","author":"tyoshino@"}
{"author":"tyoshino@","hash":"c942e11","subject":"Add a spec text for closing a readable byte stream","date":"2015-12-17"}
{"author":"calvaris@","date":"2015-12-17","subject":"Make cancel test not timing error prone","hash":"f7cb0ea"}
{"hash":"a056909","date":"2015-12-17","subject":"Tweak Travis config to fix broken deploys","author":"d@"}
{"author":"calvaris@","hash":"18ed463","date":"2015-12-04","subject":"Add function to initialize the tests"}
{"author":"d@","hash":"2260dfd","subject":"Clean up more web platform tests","date":"2015-11-30"}
{"author":"d@","subject":"Clarify pipeTo a bit more","date":"2015-11-30","hash":"c9d8fc7"}
{"date":"2015-11-25","subject":"Make it clear pipeTo is still in flux","hash":"7cc96dd","author":"d@"}
{"hash":"48c8a3c","subject":"Fix typo","date":"2015-11-13","author":"calvaris@"}
{"author":"d@","subject":"Dual-license reference implementation under MIT/CC0","date":"2015-11-11","hash":"48a4ede"}
{"date":"2015-11-11","subject":"Use promise_test in some web-platform-tests","hash":"63db601","author":"yhirano@"}
{"hash":"8ec212e","date":"2015-11-11","subject":"Fix controller.error forgetting to pass along e","author":"calvaris@"}
{"author":"grncdr@","hash":"60740ff","date":"2015-11-11","subject":"Fix parameter name in example WritableStream"}
{"author":"annevk@","hash":"b98007c","date":"2015-10-19","subject":"Fix markup"}
{"author":"d@","hash":"7d8963d","subject":"Fix test error in previous commit","date":"2015-10-16"}
{"author":"d@","subject":"Clean up tests a bit","date":"2015-10-15","hash":"4e3e684"}
{"date":"2015-10-15","subject":"Add acknowledgment for previous commit","hash":"10dfef7","author":"d@"}
{"hash":"b4a7e34","subject":"Fix typo in TeeReadableStream","date":"2015-10-15","author":"youenn.fablet@"}
{"author":"calvaris@","subject":"Add tests for readable stream reader read","date":"2015-10-14","hash":"b9556fb"}
{"date":"2015-10-14","subject":"Add tests for readable stream reader closed promise","hash":"a6c8958","author":"calvaris@"}
{"hash":"4a677a6","date":"2015-10-14","subject":"Add pipeThrough tests","author":"calvaris@"}
{"author":"d@","hash":"b68b896","subject":"Port a bunch of tests to web-platform-tests format","date":"2015-10-14"}
{"author":"calvaris@","date":"2015-09-18","subject":"Remove redundant tests for negative strategy.highWaterMark","hash":"ec5ffa0"}
{"hash":"a437e17","date":"2015-09-18","subject":"Fix test about canceling a released reader","author":"calvaris@"}
{"author":"d@","hash":"b883606","subject":"Add consumption-via-piping example","date":"2015-09-15"}
{"author":"d@","subject":"Fix TODOs in the requirements document","date":"2015-09-08","hash":"3706aea"}
{"date":"2015-08-28","subject":"Delay setting test timeouts to have better chances on slower systems","hash":"b47d462","author":"calvaris@"}
{"hash":"5bd0ab1","subject":"Note that GetReadableStreamDesiredSize is \"exported\"","date":"2015-08-27","author":"d@"}
{"author":"d@","subject":"Make reader closed and read() reject after release","date":"2015-08-27","hash":"632b26a"}
{"subject":"Update IsReadableStreamDisturbed to work after close or error","date":"2015-08-27","hash":"bd839e5","author":"d@"}
{"subject":"Add IsReadableStreamDisturbed predicate","date":"2015-08-27","hash":"6f4bb19","author":"tyoshino@"}
{"subject":"Remove automatic unlocking on close/error","date":"2015-08-27","hash":"ddcf083","author":"d@"}
{"date":"2015-08-12","subject":"Add ReadableStream tests about garbage collection","hash":"0e56ed4","author":"calvaris@"}
{"hash":"007ff3a","date":"2015-08-12","subject":"Add ReadableStreamReader tests about errors","author":"calvaris@"}
{"author":"calvaris@","hash":"c258c57","date":"2015-08-12","subject":"Add some tests about the behavior of ReadableStreamReader"}
{"author":"tyoshino@","hash":"7b79d3b","subject":"Fix ErrorReadableStream algorithm","date":"2015-08-06"}
{"author":"d@","date":"2015-08-05","subject":"Notate throwing vs. non-throwing abstract operations","hash":"427b762"}
{"hash":"482d14b","subject":"Add ReadableByteStream reference implementation","date":"2015-08-05","author":"tyoshino@"}
{"author":"tyoshino@","subject":"Editorial changes to ReadableStreamReader initialization","date":"2015-08-03","hash":"7b034bb"}
{"date":"2015-07-24","subject":"Fix #381: should use GetV instead of Get","hash":"bc45171","author":"d@"}
{"hash":"8dca04e","date":"2015-07-24","subject":"Add more queueing strategy tests","author":"calvaris@"}
{"author":"tyoshino@","hash":"23a896e","subject":"Reference implementation cleanup","date":"2015-07-24"}
{"author":"d@","date":"2015-07-22","subject":"Fix bad closing tag","hash":"35d02ce"}
{"hash":"c05dd4c","subject":"Editorial: we no longer need the <pre> hack for algorithms","date":"2015-07-07","author":"d@"}
{"author":"d@","subject":"Don't allow negative-sized chunks","date":"2015-06-29","hash":"98f6750"}
{"subject":"Update FAQ with some extra answers","date":"2015-06-19","hash":"dd66d15","author":"d@"}
{"subject":"Use \"perform\" for abstract ops that cannot throw","date":"2015-06-18","hash":"9573b64","author":"d@"}
{"date":"2015-06-02","subject":"Update build and test dependencies","hash":"b2131ef","author":"d@"}
{"hash":"5b213fb","date":"2015-05-19","subject":"Add readableStream.locked getter","author":"d@"}
{"author":"d@","hash":"8ce6503","subject":"Don't deploy broken spec builds","date":"2015-05-18"}
{"author":"calvaris@","subject":"Add more tests for readable streams","date":"2015-05-12","hash":"d948d44"}
{"subject":"Add a test for garbage collection vs. reader locks","date":"2015-05-12","hash":"7bd2729","author":"calvaris@"}
{"date":"2015-05-06","subject":"Call transform stream transformer methods as methods","hash":"2baa51e","author":"ehager@"}
{"hash":"661a638","date":"2015-05-03","subject":"Fix step ordering in WritableStream constructor","author":"d@"}
{"author":"d@","hash":"b52806e","subject":"Fix tests","date":"2015-05-03"}
{"author":"d@","date":"2015-05-03","subject":"Add a warning about ReadableByteStream being preliminary","hash":"90ec2b5"}
{"hash":"4d5a2a3","date":"2015-05-03","subject":"Add descriptions to ReadableStreamController methods","author":"d@"}
{"author":"tyoshino@","hash":"5b47faa","date":"2015-05-03","subject":"Initial pass at ReadableByteStream in the spec"}
{"author":"d@","hash":"c80e15e","subject":"Update local build instructions","date":"2015-05-01"}
{"author":"tyoshino@","subject":"Remove closedPromise from ReadableStream's internal slot list","date":"2015-05-01","hash":"a6a9c04"}
{"subject":"Add tests for checking that tee() branches are errored/closed when the original stream is errored/closed","date":"2015-04-30","hash":"2fca6c9","author":"tyoshino@"}
{"subject":"Fix bogus test","date":"2015-04-29","hash":"42aaa53","author":"d@"}
{"subject":"Reinstate browser tests","date":"2015-04-27","hash":"6b91a69","author":"d@"}
{"date":"2015-04-23","subject":"Move strategy to second argument, out of underlying source/sink","hash":"a224978","author":"d@"}
{"hash":"ba09bc4","date":"2015-04-23","subject":"Fix FinishClosingReadableStream algorithm","author":"tyoshino@"}
{"author":"d@","hash":"45d500f","subject":"Update example for precise flow control","date":"2015-04-22"}
{"author":"d@","date":"2015-04-20","subject":"Disable browser tests auto-deployment for now; see #339","hash":"9f70575"}
{"hash":"49c15b2","date":"2015-04-20","subject":"Fix #314: pipeTo return value with preventClose: true","author":"d@"}
{"author":"d@","hash":"6a9d59d","date":"2015-04-20","subject":"Allow enqueue after cancel"}
{"author":"d@","hash":"9653b07","subject":"Restructure pulling algorithm to be more obvious and correct","date":"2015-04-20"}
{"author":"d@","subject":"Fix assert in ErrorReadableStream being triggered sometimes","date":"2015-04-19","hash":"d3d43c8"}
{"date":"2015-04-19","subject":"Ensure asserts are surfaced in the reference implementation","hash":"600a78a","author":"d@"}
{"hash":"966f19e","subject":"Add fine-grained flow control for readable stream","date":"2015-04-19","author":"d@"}
{"author":"d@","subject":"Fix #333: correct HTML reference","date":"2015-04-19","hash":"681edd9"}
{"date":"2015-04-19","subject":"Fix @hax's acknowledgment","hash":"b35b42a","author":"d@"}
{"hash":"d4da57a","date":"2015-04-18","subject":"Avoid using binary","author":"annevk@"}
{"author":"tyoshino@","hash":"4567a28","date":"2015-04-16","subject":"Release reference on writeChunk once transform is called"}
{"author":"tyoshino@","hash":"b21e130","date":"2015-04-16","subject":"Remove unnecessary variable 'readable' in transform-stream.js"}
{"author":"d@","hash":"4a325f9","subject":"Fix build","date":"2015-04-16"}
{"author":"d@","subject":"Editorial fixes","date":"2015-04-16","hash":"3a0e12e"}
{"date":"2015-04-14","subject":"Fix @yutakahirano and @tyoshino's acknowledgments","hash":"fdaae83","author":"d@"}
{"hash":"fef18fc","subject":"Minor test fixes","date":"2015-04-14","author":"calvaris@"}
{"author":"d@","subject":"Add a warning to writable streams","date":"2015-04-10","hash":"1c19389"}
{"date":"2015-04-10","subject":"Make ReadableStream simple creation test more robust","hash":"d6f0c95","author":"calvaris@"}
{"hash":"4702137","date":"2015-04-10","subject":"Add more readable stream reader tests","author":"calvaris@"}
{"author":"calvaris@","hash":"96e2c5f","subject":"Add wrong arguments tests for readable stream","date":"2015-04-10"}
{"author":"d@","date":"2015-04-10","subject":"Don't use `for (const x of y)` yet in tests","hash":"15e9fca"}
{"hash":"048ef2b","date":"2015-04-10","subject":"Add readable stream start tests","author":"calvaris@"}
{"author":"calvaris@","hash":"87b4ff9","subject":"Add readable stream pull test","date":"2015-04-10"}
{"author":"d@","subject":"Fix tests to actually run","date":"2015-04-10","hash":"d047e48"}
{"date":"2015-04-10","subject":"Add readable stream constructor tests","hash":"5d8d2dd","author":"calvaris@"}
{"hash":"4d6d334","subject":"Add 3 more readable stream cancellation tests","date":"2015-04-08","author":"calvaris@"}
{"author":"d@","subject":"Update dev dependencies","date":"2015-04-06","hash":"4343401"}
{"subject":"Implement readable stream teeing","date":"2015-04-06","hash":"3ed32a5","author":"d@"}
{"subject":"Tweak spec mechanics of WritableStream Error Functions","date":"2015-04-06","hash":"cde727e","author":"d@"}
{"date":"2015-04-06","subject":"Factor out ReadFromReadableStreamReader abstract operation","hash":"05674df","author":"d@"}
{"hash":"62b8a68","date":"2015-04-06","subject":"Add and update notes on using abstract ops from other specs","author":"d@"}
{"author":"d@","hash":"4b362dd","date":"2015-04-06","subject":"Tidy up precondition checking in ErrorReadableStream"}
{"author":"d@","hash":"90c0a9b","subject":"Factor out a new EnqueueInReadableStream abstract operation","date":"2015-04-06"}
{"author":"d@","subject":"Factor out a new CloseReadableStream abstract operation","date":"2015-04-06","hash":"fee2191"}
{"date":"2015-04-06","subject":"Fixed typo in readable-stream-reader tests","hash":"2a593e2","author":"calvaris@"}
{"hash":"0de9c60","subject":"Remove no-longer-used CloseReadableStreamReader","date":"2015-04-05","author":"d@"}
{"author":"d@","date":"2015-03-31","subject":"Re-order ReadableStreamController within ref. impl.","hash":"2e574ca"}
{"hash":"4a9b2ec","date":"2015-03-31","subject":"Introduce readable stream controller class","author":"d@"}
{"author":"calvaris@","hash":"8549ce0","subject":"Add t.plan to \"Multiple readers can access the stream in sequence\"","date":"2015-03-30"}
{"author":"d@","subject":"Update web socket pair example for new readable streams","date":"2015-03-26","hash":"4c342c0"}
{"date":"2015-03-25","subject":"Typo fix","hash":"8aacddf","author":"tyoshino@"}
{"hash":"98685d4","date":"2015-03-19","subject":"Throw on underlying source double-close or double-error","author":"d@"}
{"author":"d@","hash":"ee2976b","subject":"Remove unnecessary releaseLock from readableStreamToArray","date":"2015-03-18"}
{"author":"d@","subject":"Move algorithms to Ecmarkup/Ecmarkdown","date":"2015-03-18","hash":"02e0a64"}
{"date":"2015-03-17","subject":"Add some more texts to Requirements.md about byte streams","hash":"f2f7be6","author":"tyoshino@"}
{"hash":"0c6240f","subject":"Update requirements doc with new byte stream discoveries","date":"2015-03-17","author":"d@"}
{"author":"d@","date":"2015-03-17","subject":"Fix bugs in reader releasing algorithm","hash":"a7486c6"}
{"hash":"07f8a58","subject":"Remove reader.isActive","date":"2015-03-17","author":"d@"}
{"author":"d@","subject":"Remove ReadableStream.prototype's closed getter","date":"2015-03-17","hash":"3be6ad6"}
{"date":"2015-03-17","subject":"Revert \"Update pipeTo to allow unpiping\"","hash":"963c5c4","author":"d@"}
{"hash":"3d44c82","date":"2015-03-17","subject":"Add back auto-releasing of readers","author":"d@"}
{"author":"d@","hash":"726b08d","date":"2015-03-17","subject":"Update pipeTo to allow unpiping"}
{"author":"d@","hash":"17969ed","subject":"Tweak semantics of readers, locks, and cancellation","date":"2015-03-17"}
{"author":"d@","subject":"Change the model for ReadableStream to have async read()","date":"2015-03-17","hash":"fce682e"}
{"date":"2015-02-18","subject":"Fix typo in readable stream test description","hash":"a4ffbfd","author":"calvaris@"}
{"hash":"28f9bda","subject":"Deploy browserified test suite on every commit","date":"2015-02-17","author":"d@"}
{"author":"d@","subject":"Another fixup to the test decoupling","date":"2015-02-13","hash":"db28a0d"}
{"subject":"Use tape-catch wrapper around tape for tests","date":"2015-02-13","hash":"ca9ff16","author":"d@"}
{"subject":"Decouple ReadableByteStream tests from ref impl","date":"2015-02-13","hash":"942efb1","author":"d@"}
{"subject":"Eliminate all usage of var from ref impl and tests","date":"2015-02-13","hash":"aa048b6","author":"d@"}
{"subject":"Fix pipe benchark for semi-recent changes","date":"2015-02-13","hash":"b5f83bd","author":"d@"}
{"date":"2015-02-13","subject":"Decouple reference implementation and tests","hash":"f745334","author":"d@"}
{"hash":"0ebdd9a","date":"2015-02-10","subject":"Allow passing no args to InvokeOrNoop/PromiseInvokeOrNoop","author":"d@"}
{"author":"tyoshino@","hash":"dbfac2b","subject":"Use angle quotes for lists","date":"2015-02-10"}
{"author":"tyoshino@","date":"2015-02-10","subject":"Sort ReadableByteStream abstract operations alphabetically","hash":"8acfc76"}
{"hash":"fc8bfb6","date":"2015-02-10","subject":"Add CreateErrorReadableByteStreamFunction abstract operation","author":"tyoshino@"}
{"author":"tyoshino@","hash":"2b8461b","date":"2015-02-10","subject":"Fix a typo in the message in ReadableByteStream.readInto"}
{"author":"tyoshino@","hash":"f240847","subject":"Move notifyReady to -abstract-ops file","date":"2015-02-10"}
{"author":"tyoshino@","subject":"Simplify stream/reader promises properties on ReadableByteStream","date":"2015-02-10","hash":"2011868"}
{"date":"2015-02-10","subject":"Check IsReadableByteStream in IsReadableByteStreamLocked","hash":"ad07ad7","author":"tyoshino@"}
{"hash":"8d263cb","subject":"Introduce IsReadableByteStream abstract operation","date":"2015-02-10","author":"tyoshino@"}
{"author":"tyoshino@","subject":"First class source object.","date":"2015-02-10","hash":"f52cd09"}
{"date":"2015-02-10","subject":"Introduce IsReadableByteStreamLocked abstract operation","hash":"7296402","author":"tyoshino@"}
{"hash":"c7469b6","date":"2015-02-10","subject":"Rename ReadableByteStream._resolveWaitPromise to _resolveReadyPromise","author":"tyoshino@"}
{"author":"tyoshino@","hash":"783c37f","date":"2015-02-10","subject":"Move errorReadableByteStream to -abstract-ops file"}
{"author":"tyoshino@","hash":"127df9e","date":"2015-02-10","subject":"Add readableAmount getter to ReadableByteStream"}
{"author":"tyoshino@","hash":"71a48da","subject":"Add missing @ to underlyingSink","date":"2015-02-10"}
{"author":"d@","subject":"Make it clear the reference implementation is CC0","date":"2015-02-09","hash":"06143f8"}
{"date":"2015-02-09","subject":"Add IsReadableStreamLocked abstract operation","hash":"c91d310","author":"d@"}
{"hash":"9ec484b","subject":"Simplify stream/reader promise properties","date":"2015-02-09","author":"tyoshino@"}
{"author":"d@","subject":"Test on io.js instead of Node 0.11","date":"2015-02-06","hash":"ac47325"}
{"date":"2015-02-06","subject":"Upgrade reference implementation dev dependencies","hash":"4043dec","author":"d@"}
{"hash":"f4e2492","date":"2015-02-05","subject":"Be more conservative about calling pull()","author":"d@"}
{"author":"d@","hash":"3b09a7b","subject":"Convert readable stream pull() to promise-returning","date":"2015-02-05"}
{"author":"d@","date":"2015-02-02","subject":"Make readable streams error on invalid sizes","hash":"a039ead"}
{"hash":"64df8a2","date":"2015-02-02","subject":"Fix HTTP wiki link to point to HTTPS instead","author":"d@"}
{"author":"d@","hash":"0ec4e3b","subject":"Update for Bikeshed breaking change","date":"2015-01-30"}
{"author":"d@","subject":"Update acknowledgments","date":"2015-01-28","hash":"970d33d"}
{"date":"2015-01-28","subject":"Fix title of test for canceling an errored stream","hash":"8799020","author":"calvaris@"}
{"hash":"1a9fc89","subject":"Add link to commit snapshot","date":"2015-01-27","author":"d@"}
{"author":"tyoshino@","subject":"Add missing methods to the ReadableByteStream class definition","date":"2015-01-27","hash":"dce969f"}
{"subject":"Minor editorial updates to spec conventions","date":"2015-01-26","hash":"14bbebc","author":"d@"}
{"subject":"Remove type check regression that erroneously snuck in","date":"2015-01-26","hash":"b4cb95a","author":"d@"}
{"date":"2015-01-26","subject":"Define global properties","hash":"5fb750a","author":"d@"}
{"hash":"29d1289","date":"2015-01-26","subject":"Update Examples.md now that most examples are in the spec","author":"d@"}
{"author":"d@","hash":"411971c","date":"2015-01-23","subject":"Add example of a { readable, writable } pair"}
{"author":"d@","hash":"4fa88d6","subject":"Add examples of the queuing strategies","date":"2015-01-23"}
{"author":"d@","subject":"Add an example use of getReader()","date":"2015-01-23","hash":"4ffe748"}
{"date":"2015-01-23","subject":"Move state machine diagrams to the end of the spec","hash":"fd99209","author":"d@"}
{"hash":"52b8cde","subject":"Redo readable and writable stream examples","date":"2015-01-23","author":"d@"}
{"author":"d@","date":"2015-01-23","subject":"Clean up some terminology in the model section","hash":"993c3a5"}
{"hash":"020ceba","date":"2015-01-23","subject":"Add missing-from-spec PromiseInvokeOrFallbackOrNoop operation","author":"d@"}
{"author":"d@","hash":"6e25eca","subject":"Add branding checks where appropriate","date":"2015-01-23"}
{"author":"d@","subject":"Flesh out the readme with some newer info","date":"2015-01-22","hash":"2e8587e"}
{"date":"2015-01-22","subject":"Use traceur-runner package for reference implementation","hash":"ffa782e","author":"d@"}
{"hash":"7676d81","date":"2015-01-21","subject":"Add tests for the new source/sink error cases","author":"d@"}
{"author":"d@","hash":"e190bca","subject":"Call underlying sink functions as methods.","date":"2015-01-21"}
{"author":"d@","subject":"Call underlying source functions as methods","date":"2015-01-21","hash":"1b20896"}
{"date":"2015-01-21","subject":"Don't deploy pull request builds","hash":"9ed7d31","author":"d@"}
{"hash":"57b9f0c","subject":"Add some debugging information to the deploy script","date":"2015-01-21","author":"d@"}
{"author":"d@","date":"2015-01-20","subject":"Add a test showing that waiting â waiting is completely fixed","hash":"d29eafa"}
{"hash":"681b68b","subject":"Simplify rs.ready getter and generically fix waiting â waiting","date":"2015-01-20","author":"tyoshino@"}
{"author":"tyoshino@","subject":"Make reader.closed work better with released locks","date":"2015-01-20","hash":"e33a140"}
{"date":"2015-01-15","subject":"Rename [[reader]] internal slot to [[readableStreamReader]]","hash":"3e5e0fc","author":"d@"}
{"hash":"944922b","date":"2015-01-15","subject":"Fix another waiting â waiting ready signal with readers","author":"d@"}
{"author":"d@","hash":"6c64261","date":"2015-01-15","subject":"Fix one waiting â waiting ready signal per #258"}
{"author":"d@","hash":"3191e59","subject":"Make released stream readers look like closed streams","date":"2015-01-13"}
{"author":"d@","subject":"Fix a typo","date":"2015-01-13","hash":"fd2f67c"}
{"date":"2015-01-05","subject":"Factor out AcquireExclusiveStreamReader operation","hash":"25a5141","author":"d@"}
{"hash":"c6704b8","subject":"Use new templates for commit/branch snapshots","date":"2014-12-30","author":"d@"}
{"author":"d@","subject":"Add a non-bytes transform stream example","date":"2014-12-29","hash":"ab58f15"}
{"subject":"Add ability to exclusively lock a readable stream","date":"2014-12-29","hash":"63372f5","author":"d@"}
{"subject":"Fix a typo","date":"2014-12-23","hash":"7f2ff8a","author":"hax@"}
{"subject":"Fix deployment of branch/commit snapshots","date":"2014-12-11","hash":"4567064","author":"d@"}
{"subject":"Update test/reference implementation dependencies","date":"2014-12-11","hash":"27b5e16","author":"d@"}
{"date":"2014-12-01","subject":"Make writable stream's ready promise fulfill-only","hash":"f40e1ef","author":"d@"}
{"hash":"8ad6f2b","date":"2014-12-01","subject":"Make readable stream's ready promise fulfill-only","author":"d@"}
{"author":"d@","hash":"d4dde16","subject":"Fix IDs for CountQueuingStrategy headers","date":"2014-11-26"}
{"author":"tyoshino@","date":"2014-11-26","subject":"Remove special handling for writable stream empty queue","hash":"ef6be1d"}
{"hash":"267ccd1","date":"2014-11-25","subject":"Remove self-link styles now that they are in the Bikeshed header","author":"d@"}
{"author":"d@","hash":"d5de77a","date":"2014-11-25","subject":"Add file-an-issue script"}
{"author":"d@","hash":"06a0302","subject":"Make initial state of writable stream consult the strategy","date":"2014-11-25"}
{"author":"d@","subject":"Fix trailing spaces before closing tags","date":"2014-11-25","hash":"ef1ab2c"}
{"date":"2014-11-25","subject":"More wait() to ready fixes","hash":"90d4b2f","author":"d@"}
{"hash":"1ca8d05","subject":"Rename .wait() to .ready step 2","date":"2014-11-25","author":"tyoshino@"}
{"author":"d@","subject":"Rename .wait() to .ready","date":"2014-11-24","hash":"6eb872b"}
{"date":"2014-11-24","subject":"Make test output prettier and easier to use","hash":"6b2aaa7","author":"d@"}
{"hash":"bacaa84","date":"2014-11-21","subject":"Syntax-highlight all the examples!","author":"d@"}
{"author":"domenic@","hash":"032c4a8","date":"2014-11-06","subject":"Rationalize when pull() is called by readable stream"}
{"author":"tyoshino@","hash":"7caaf6a","date":"2014-11-04","subject":"Add missing @ to [[startedPromise]]"}
{"author":"d@","hash":"e8260cf","subject":"Fix typo in conventions explanation","date":"2014-10-30"}
{"author":"d@","subject":"Update header to be smaller","date":"2014-10-30","hash":"a0c3d0e"}
{"date":"2014-10-30","subject":"Remove Status section","hash":"2936d97","author":"d@"}
{"hash":"bdc0d23","subject":"Update readable stream state machine diagram","date":"2014-10-28","author":"domenic@"}
{"author":"tyoshino@","subject":"Test the behavior of rs.cancel() and rs.read() for various states","date":"2014-10-28","hash":"94f7853"}
{"date":"2014-10-28","subject":"Add ReadableByteStream.prototype.pipeTo()","hash":"b8edaac","author":"tyoshino@"}
{"hash":"1c0944f","date":"2014-10-27","subject":"Have pipeTo() return a promise that notifies completion of piping","author":"tyoshino@"}
{"author":"tyoshino@","hash":"2017c3b","subject":"Apply transform stream renaming to the ReadableStream IDL","date":"2014-10-23"}
{"author":"domenic@","date":"2014-10-21","subject":"Add link to Twitter account","hash":"89a7936"}
{"hash":"a689f8e","date":"2014-10-21","subject":"Update spec to match rethrow-in-enqueue change","author":"domenic@"}
{"author":"domenic@","hash":"c13eb51","subject":"Update reference implementation's traceur-source-maps dependency","date":"2014-10-21"}
{"author":"tyoshino@","subject":"[[enqueue]]: Rethrow an exception from strategy","date":"2014-10-21","hash":"59c116e"}
{"date":"2014-10-20","subject":"Add correct default behavior to the constructors","hash":"f3f0887","author":"domenic@"}
{"hash":"e9c741d","subject":"Clean up package.json metadata","date":"2014-10-20","author":"domenic@"}
{"author":"domenic@","subject":"Add source maps/rewritten stack traces to reference implementation","date":"2014-10-20","hash":"5ef09d3"}
{"subject":"Update writable stream reference implementation per #230","date":"2014-10-20","hash":"22ca837","author":"domenic@"}
{"subject":"Update readable stream reference implementation per #230","date":"2014-10-20","hash":"cc098de","author":"domenic@"}
{"date":"2014-10-20","subject":"Move the default strategies under their corresponding stream","hash":"dced84d","author":"domenic@"}
{"hash":"978427a","date":"2014-10-20","subject":"Fix some queuing strategy typos","author":"domenic@"}
{"author":"domenic@","hash":"28032c6","date":"2014-10-20","subject":"Clean up queue-with-sizes operations a bit"}
{"author":"domenic@","hash":"140bbb8","subject":"Tweak reference implementation to match spec","date":"2014-10-20"}
{"author":"domenic@","subject":"Document default strategies","date":"2014-10-20","hash":"69523cd"}
{"date":"2014-10-16","subject":"Make the self-links show up","hash":"8979c54","author":"domenic@"}
{"hash":"db3f418","subject":"Add IDs to all headings","date":"2014-10-16","author":"domenic@"}
{"author":"domenic@","date":"2014-10-16","subject":"Remove unused parameter","hash":"7f68ae1"}
{"hash":"1e17980","date":"2014-10-16","subject":"s/queueing/queuing/g","author":"domenic@"}
{"author":"domenic@","hash":"3381448","subject":"Formalize the built-in queuing strategies","date":"2014-10-16"}
{"author":"tyoshino@","subject":"Replace t.strictEqual with t.equal in unit test files.","date":"2014-10-16","hash":"043b26f"}
{"date":"2014-10-16","subject":"Add tests and a note about close + abort","hash":"9d914fe","author":"domenic@"}
{"hash":"18b0a0f","date":"2014-10-16","subject":"Have `readableByteStream.read` delegate to `this.readInto`","author":"domenic@"}
{"author":"tyoshino@","hash":"034c09c","subject":"Add missing parameter to EnqueueValueWithSize calls","date":"2014-10-16"}
{"author":"domenic@","subject":"Add description and example for pipeThrough","date":"2014-10-15","hash":"483d3a5"}
{"date":"2014-10-15","subject":"Fix bad header syntax","hash":"2d2f738","author":"domenic@"}
{"hash":"950c469","subject":"Add customization options to pipeTo","date":"2014-10-15","author":"domenic@"}
{"author":"domenic@","date":"2014-10-15","subject":"Handle possible user-thrown exception","hash":"4eb49ad"}
{"hash":"529fc45","subject":"Add read() method to ReadableByteStream","date":"2014-10-15","author":"tyoshino@"}
{"author":"domenic@","subject":"Simplify writableStream.abort() algorithm by using transform idiom","date":"2014-10-15","hash":"2875859"}
{"date":"2014-10-15","subject":"Simplify readableStream.cancel() algorithm by using transform idiom","hash":"cf477c7","author":"tyoshino@"}
{"hash":"c9ecb36","date":"2014-10-15","subject":"Update the comments on states to reflect up-to-date algorithm","author":"tyoshino@"}
{"author":"domenic@","hash":"6e25cd2","date":"2014-10-13","subject":"Add @briandipalma to acks for the last two commits"}
{"author":"offler@","hash":"1542ec7","subject":"Fix minor typo in readable stream example","date":"2014-10-13"}
{"author":"offler@","subject":"Fix typo in URL to revealing constructor pattern","date":"2014-10-13","hash":"897ae44"}
{"date":"2014-10-09","subject":"Add credit for the logo!","hash":"a5cc62b","author":"domenic@"}
{"hash":"7a89f07","subject":"Add an introduction with use cases","date":"2014-10-09","author":"domenic@"}
{"author":"annevk@","subject":"point directly to the archives","date":"2014-10-07","hash":"7ce4567"}
{"subject":"Slightly tweak state descriptions to align with #150","date":"2014-10-06","hash":"de5815d","author":"domenic@"}
{"subject":"Add IDs to many more headings","date":"2014-10-06","hash":"4373ef9","author":"domenic@"}
{"subject":"Get rid of \"This version\" link","date":"2014-10-06","hash":"95b8087","author":"domenic@"}
{"subject":"Port over the spec entirely to Bikeshed/HTML","date":"2014-10-02","hash":"23822eb","author":"domenic@"}
{"date":"2014-10-02","subject":"Put design rationales of ReadableByteStream","hash":"81104fe","author":"tyoshino@"}
{"hash":"c8f8622","date":"2014-10-01","subject":"Move abstract op implementation out of ReadableByteStream class","author":"tyoshino@"}
{"author":"tyoshino@","hash":"3b5063e","subject":"Add cancel() method to ReadableByteStream","date":"2014-09-12"}
{"author":"tyoshino@","date":"2014-09-10","subject":"Fix the test calling readInto() when ReadableByteStream is waiting","hash":"127face"}
{"hash":"c9fe011","date":"2014-09-08","subject":"Use \"fulfilled\" in tests where appropriate over \"resolved\".","author":"domenic@"}
{"author":"tyoshino@","hash":"4bdfba2","date":"2014-09-08","subject":"Test that abort rejections from the sink are passed through"}
{"author":"tyoshino@","hash":"09022e5","subject":"Use \"sinkAbortPromise\" also in the reference impl","date":"2014-09-08"}
{"author":"tyoshino@","subject":"Remove an accent grave left by mistake","date":"2014-09-08","hash":"6cfab18"}
{"date":"2014-09-08","subject":"Ignore the fulfillment value of the source's cancel().","hash":"35c6020","author":"tyoshino@"}
{"hash":"7bbe084","subject":"Use ws.foobar() style for tests about non static methods","date":"2014-09-08","author":"tyoshino@"}
{"author":"domenic@","subject":"Add acknowledgment for #202.","date":"2014-09-08","hash":"1ec0150"}
{"date":"2014-09-08","subject":"Fix test typos","hash":"4454afc","author":"michael.mior@"}
{"hash":"ae0f7fe","date":"2014-09-08","subject":"Clean up readable stream promise management.","author":"tyoshino@"}
{"author":"tyoshino@","hash":"6c11716","date":"2014-09-05","subject":"Ignore the return value of the sink's abort() function."}
{"author":"tyoshino@","hash":"843048e","date":"2014-09-05","subject":"Test that fulfillment value of WritableStream.close() is undefined"}
{"author":"tyoshino@","hash":"d1cd48d","subject":"Test that fulfillment value of WritableStream.write() is undefined","date":"2014-09-05"}
{"author":"tyoshino@","subject":"Test returning rejected promise from close() of sink","date":"2014-09-03","hash":"d6a0eea"}
{"date":"2014-09-03","subject":"Enter \"closed\" state directly when closePromise is fulfilled","hash":"dcffc82","author":"tyoshino@"}
{"hash":"4f2b165","subject":"Update how strategies work per #189.","date":"2014-08-29","author":"domenic@"}
{"author":"domenic@","subject":"Remove unused file","date":"2014-08-29","hash":"3228cf3"}
{"date":"2014-08-29","subject":"Tweak wording about transform streams.","hash":"70d8f7a","author":"domenic@"}
{"hash":"f1a7e78","date":"2014-08-29","subject":"Disallow infinite sizes. Fixes #187.","author":"domenic@"}
{"author":"domenic@","hash":"35c68a4","subject":"Replace { input, output } with { writable, readable }","date":"2014-08-29"}
{"author":"tyoshino@","date":"2014-08-29","subject":"[pipeTo] Remove unnecessary catch() chained to write() call","hash":"5c972cd"}
{"hash":"b8eb63c","date":"2014-08-28","subject":"NaN sizes should give RangeError, not TypeError","author":"domenic@"}
{"author":"tyoshino@","hash":"bbab74e","subject":"Test that enqueue() fails when strategy.size() returns NaN","date":"2014-08-28"}
{"author":"domenic@","subject":"Run CI tests on Node 0.11 for now","date":"2014-08-28","hash":"6aded4b"}
{"date":"2014-08-28","subject":"Add test to show why the state check is necessary.","hash":"ec632be","author":"domenic@"}
{"hash":"100fec7","subject":"Use boolean [[writing]] flag instead of [[currentWritePromise]].","date":"2014-08-28","author":"domenic@"}
{"author":"domenic@","subject":"Change underlying sink write to be promise-returning","date":"2014-08-28","hash":"492f6d5"}
{"subject":"Show how too many writes in a row causes stack overflow","date":"2014-08-28","hash":"70f8ed6","author":"tyoshino@"}
{"subject":"Use RegExp for test.throws()","date":"2014-08-27","hash":"e80913f","author":"tyoshino@"}
{"date":"2014-08-27","subject":"Follow up change for #173","hash":"012fc3e","author":"tyoshino@"}
{"hash":"fe2cef3","date":"2014-08-26","subject":"Fix slightly-broken test","author":"domenic@"}
{"author":"tyoshino@","hash":"200b54b","date":"2014-08-22","subject":"Add a spec for an extended API for binary data handling"}
{"author":"tyoshino@","hash":"5e2fab2","subject":"Remove only from a test in test/pipe-to.js","date":"2014-08-22"}
{"author":"domenic@","subject":"Touch-ups to the benchmarking code","date":"2014-08-21","hash":"c76e757"}
{"date":"2014-08-18","subject":"Small test tweaks","hash":"d22668a","author":"domenic@"}
{"hash":"567489b","subject":"Fix wait() on a just-started stream to fulfill immediately.","date":"2014-08-18","author":"domenic@"}
{"author":"domenic@","date":"2014-08-14","subject":"Add a README for the benchmarker","hash":"e9abb1c"}
{"hash":"6bb9309","date":"2014-08-14","subject":"Add something that diffs your recordings and shows the results","author":"domenic@"}
{"author":"domenic@","hash":"eada24a","subject":"Add a recording-runner for the benchmark.","date":"2014-08-14"}
{"author":"domenic@","subject":"Remove dead benchmarking code.","date":"2014-08-14","hash":"dd6811e"}
{"date":"2014-08-14","subject":"Initial draft of benchmark suite (#120).","hash":"9c6c21d","author":"domenic@"}
{"hash":"bc808a1","date":"2014-08-14","subject":"Upgrade Traceur","author":"domenic@"}
{"author":"tyoshino@","hash":"12492ff","subject":"ReadableStream: Make [[enqueue]] throw when draining","date":"2014-08-07"}
{"author":"tyoshino@","subject":"Apply the emphasis and code mark up separately","date":"2014-08-07","hash":"031855d"}
{"date":"2014-08-04","subject":"Add a pointer to TransformStream in the readme.","hash":"1a963a5","author":"domenic@"}
{"hash":"fe5457d","subject":"Merge branch 'transform'","date":"2014-08-04","author":"domenic@"}
{"author":"domenic@","date":"2014-08-04","subject":"Handle errors thrown by flush.","hash":"3600ca0"}
{"hash":"8891e35","subject":"Update tests in light of 6a84b5.","date":"2014-08-04","author":"domenic@"}
{"author":"domenic@","subject":"Make the transform streams actually propagate backpressure.","date":"2014-08-04","hash":"5e91762"}
{"date":"2014-08-04","subject":"Fix tests in light of bda8ab","hash":"5852572","author":"domenic@"}
{"hash":"ad0813e","date":"2014-08-04","subject":"Handle errors thrown by transform","author":"domenic@"}
{"author":"domenic@","hash":"b4a95d5","date":"2014-08-04","subject":"Implement flushing"}
{"author":"domenic@","hash":"3800cde","subject":"Got default close propagation working","date":"2014-08-04"}
{"author":"domenic@","subject":"Basic transform stream","date":"2014-08-04","hash":"28531f8"}
{"date":"2014-08-04","subject":"Don't let writable streams transition from errored to closed.","hash":"21aa57a","author":"domenic@"}
{"hash":"04418e5","subject":"Fix metadata to make Bikeshed happy.","date":"2014-08-01","author":"tyoshino@"}
{"author":"domenic@","subject":"Use abrupt completion terminology more.","date":"2014-07-24","hash":"aa7c15f"}
{"subject":"Handle throwy needsMore in writable streams","date":"2014-07-24","hash":"6cd02a1","author":"domenic@"}
{"subject":"Tests for exceptions in [[syncStateWithQueue]]","date":"2014-07-24","hash":"d5274a5","author":"tyoshino@"}
{"subject":"Clarify pipeTo vs. pipeThrough FAQ entry a bit.","date":"2014-07-24","hash":"d63ed45","author":"domenic@"}
{"subject":"add duplex streams to faq","date":"2014-07-24","hash":"51e2e99","author":"cmetcalf@"}
{"date":"2014-07-24","subject":"Handle strategies that throw on size() better in readable streams","hash":"399e20e","author":"domenic@"}
{"hash":"6a84b50","date":"2014-07-24","subject":"Make [[enqueue]] consult needsMore even when state was waiting","author":"tyoshino@"}
{"author":"tyoshino@","hash":"dba15d9","subject":"Add [[callOrScheduleAdvanceQueue]] to the IDL","date":"2014-07-24"}
{"author":"tyoshino@","date":"2014-07-24","subject":"Refactor callPull into callPull and callOrSchedulePull","hash":"a3e08a6"}
{"hash":"da54f04","date":"2014-07-24","subject":"Update the explanation of constructor options that can return a promise","author":"tyoshino@"}
{"author":"tyoshino@","hash":"ef0befc","date":"2014-07-22","subject":"Add error argument to start of WritableStream"}
{"author":"tyoshino@","hash":"b4ba42e","subject":"Check that error call on WritableStream in waiting state updates writablePromise correctly","date":"2014-07-21"}
{"author":"tyoshino@","subject":"Make WritableStream's wait() return a rejected promise once close()-ed","date":"2014-07-20","hash":"669c3aa"}
{"date":"2014-07-18","subject":"Add [[started]] to WritableStream IDL","hash":"493bac2","author":"tyoshino@"}
{"hash":"0b8a070","subject":"Update acknowledgments.","date":"2014-07-18","author":"domenic@"}
{"author":"tyoshino@","subject":"Reland \"Promise.race() based select like pipeTo implementation\"","date":"2014-07-18","hash":"c8fa5c0"}
{"date":"2014-07-17","subject":"Revert \"Promise.race() based select like pipeTo implementation\"","hash":"b089b36","author":"domenic@"}
{"hash":"aedbf18","date":"2014-07-17","subject":"Promise.race() based select like pipeTo implementation","author":"tyoshino@"}
{"author":"tyoshino@","hash":"bda8abb","date":"2014-07-17","subject":"Make WritableStream delay advanceQueue until start completes"}
{"author":"tyoshino@","hash":"08b0cf2","date":"2014-07-17","subject":"Group internal members in the IDLs for readability"}
{"author":"domenic@","hash":"d0003a9","subject":"Refer to the reference implementation for pipeTo.","date":"2014-07-16"}
{"author":"tyoshino@","subject":"WritableStream: [[error]] must replace [[writablePromise]]","date":"2014-07-16","hash":"6c704c8"}
{"date":"2014-07-14","subject":"Fix closing writable streams with writes in flight.","hash":"c371e6b","author":"domenic@"}
{"hash":"448db88","subject":"Add some writable stream error-throwing tests.","date":"2014-07-14","author":"domenic@"}
{"author":"domenic@","subject":"Reorganize the piping tests a bit.","date":"2014-07-11","hash":"27a68c9"}
{"date":"2014-07-10","subject":"Add more tests for piping errors per #129.","hash":"fca3de6","author":"domenic@"}
{"hash":"2c2c850","date":"2014-07-10","subject":"Update the WritableStream IDL","author":"tyoshino@"}
{"author":"domenic@","hash":"f83cbbd","subject":"Propagate errors backward correctly for more cases.","date":"2014-07-01"}
{"author":"domenic@","date":"2014-07-01","subject":"Clean up [[currentWritePromise]] more thoroughly.","hash":"d7fb3fe"}
{"hash":"8c6c72d","date":"2014-07-01","subject":"Small fixes and more tests for closing a writable stream","author":"tyoshino@"}
{"author":"domenic@","hash":"58590ac","subject":"Try to propagate piping errors backward better.","date":"2014-06-30"}
{"author":"domenic@","subject":"Fix some pipeTo whitespace.","date":"2014-06-30","hash":"ae29e93"}
{"date":"2014-06-30","subject":"Ensure writable stream abort reason is passed through.","hash":"39dccaa","author":"domenic@"}
{"hash":"7fc67c3","subject":"Add some basic test for writable stream abort.","date":"2014-06-30","author":"domenic@"}
{"author":"domenic@","subject":"Rename test/readable-stream-cancelation.js to -cancel.js","date":"2014-06-30","hash":"536c829"}
{"subject":"Allow cancellation reasons to be passed through.","date":"2014-06-30","hash":"3a822cf","author":"domenic@"}
{"subject":"Clean up promiseCall helper to use more ES6.","date":"2014-06-30","hash":"0e00dfe","author":"domenic@"}
{"date":"2014-06-30","subject":"Move cancellation tests to their own file.","hash":"ff6c8bf","author":"domenic@"}
{"hash":"f8460bd","date":"2014-06-30","subject":"Typo in README.md: empy -> empty","author":"tyoshino@"}
{"author":"domenic@","hash":"959c41a","date":"2014-06-27","subject":"Convert tests into idiomatic ES6."}
{"author":"domenic@","hash":"8a4f35c","subject":"Convert the WritableStream implementation into idiomatic ES6.","date":"2014-06-27"}
{"author":"domenic@","subject":"Make the ReadableStream implementation idiomatic ES6.","date":"2014-06-27","hash":"5e76759"}
{"date":"2014-06-27","subject":"Make test/utils/ idiomatic ES6.","hash":"cd704af","author":"domenic@"}
{"hash":"c95c46b","subject":"Rename test/lib/ to test/utils/.","date":"2014-06-27","author":"domenic@"}
{"author":"domenic@","date":"2014-06-27","subject":"Add reference implementation README.","hash":"1bf8ed4"}
{"hash":"fe7a38b","date":"2014-06-27","subject":"First pass at the reference implementation in ES6.","author":"domenic@"}
{"author":"jackalmage@","hash":"e1285c4","subject":"Bikeshed adds spaces between ToC level and text now.","date":"2014-06-27"}
{"author":"domenic@","subject":"Minor tweaks to official-lookin' output.","date":"2014-06-20","hash":"6f13618"}
{"date":"2014-06-20","subject":"Switch to using Bikeshed's header generation.","hash":"87ecd69","author":"jackalmage@"}
{"hash":"1ad598c","date":"2014-06-20","subject":"Stop extracting strategy methods prematurely. Fixes #122.","author":"domenic@"}
{"author":"domenic@","hash":"9dfda05","subject":"Fix missing \"Return\" in spec. Implementation was OK.","date":"2014-06-19"}
{"author":"domenic@","subject":"Fix some header levels.","date":"2014-06-19","hash":"6a632d9"}
{"date":"2014-06-19","subject":"Use uniform language for new promises.","hash":"574183c","author":"domenic@"}
{"hash":"f9a1c56","subject":"Fix state and high water mark behavior on writable streams.","date":"2014-06-19","author":"domenic@"}
{"author":"domenic@","date":"2014-06-18","subject":"Fix writable stream bug allowing concurrent writes.","hash":"caa25c9"}
{"hash":"1eed611","subject":"Add CountQueuingStrategy implementation, with some tests.","date":"2014-06-17","author":"domenic@"}
{"author":"jackalmage@","subject":"Remove footer; use Bikeshed's new WHATWG footer for it.","date":"2014-06-17","hash":"79f3206"}
{"date":"2014-06-17","subject":"Convert official-lookin' spec to Bikeshed.","hash":"5276302","author":"domenic@"}
{"hash":"3884a12","date":"2014-06-16","subject":"Update diagram for newest terminology.","author":"domenic@"}
{"author":"domenic@","hash":"a7c8197","date":"2014-06-16","subject":"Add definition for chunk; fixes #112."}
{"author":"domenic@","hash":"e625a2d","subject":"You enqueue data into a queue; you don't push it.","date":"2014-06-16"}
{"author":"domenic@","subject":"Refactor queue into some helpers. Fixes #114.","date":"2014-06-16","hash":"790d2c7"}
{"date":"2014-06-13","subject":"Get rid of BaseWritableStream per #81.","hash":"afc2fe8","author":"domenic@"}
{"hash":"74ec46f","subject":"Get rid of BaseReadableStream per #81.","date":"2014-06-11","author":"domenic@"}
{"author":"domenic@","subject":"Remove types from internal slots.","date":"2014-06-11","hash":"bd62f04"}
{"subject":"Don't include type-checking in algorithms.","date":"2014-06-11","hash":"4acfa39","author":"domenic@"}
{"subject":"Add Travis to run the tests each commit.","date":"2014-06-11","hash":"b647ace","author":"domenic@"}
{"subject":"Update queing strategy stubs/tests.","date":"2014-06-11","hash":"5cc032b","author":"domenic@"}
{"subject":"Upgrade reference implementation dependencies.","date":"2014-06-11","hash":"d724051","author":"domenic@"}
{"date":"2014-06-11","subject":"LengthQueuingStrategy â ByteLengthQueuingStrategy","hash":"8e0ec84","author":"domenic@"}
{"hash":"79fa5b0","date":"2014-06-11","subject":"Merge branch 'official-lookin'","author":"domenic@"}
{"author":"domenic@","hash":"f90f644","subject":"Rename \"buffer\" to \"queue\" per #96.","date":"2014-06-11"}
{"author":"domenic@","date":"2014-06-11","subject":"Rename \"buffer\" to \"queue\". Fixes #96.","hash":"0bf42d0"}
{"hash":"2a0bc5a","date":"2014-04-21","subject":"Writable streams start writable, not waiting.","author":"domenic@"}
{"author":"domenic@","hash":"6e2a21d","date":"2014-04-21","subject":"Don't exert backpressure after the first push."}
{"author":"domenic@","hash":"87c43b2","subject":"Move pipeTo test to piping.js tests file.","date":"2014-04-21"}
{"author":"domenic@","subject":"Fix typo in the BWS reference implementation's close()","date":"2014-04-21","hash":"7cddcd4"}
{"date":"2014-04-20","subject":"Fix missing argument in pipeThrough.","hash":"479e0c4","author":"domenic@"}
{"hash":"89e0444","subject":"Add a test for piping through a pass-through transform.","date":"2014-04-20","author":"domenic@"}
{"author":"domenic@","subject":"Fix typos in pipeThrough reference implementation.","date":"2014-04-20","hash":"7dc74ea"}
{"date":"2014-04-20","subject":"Factor out more test helpers into separate files.","hash":"6c8dfca","author":"domenic@"}
{"hash":"b57cb56","date":"2014-04-20","subject":"Add web socket-wrapping examples. Closes #108.","author":"domenic@"}
{"author":"domenic@","hash":"f2bba10","date":"2014-04-14","subject":"Add FAQ with answer about cancellation/closed state."}
{"author":"tyoshino@","hash":"869b2ab","date":"2014-04-10","subject":"Resolve waitPromise (not reject) when buffer is fully drained in read()"}
{"author":"tyoshino@","hash":"2f81d4d","subject":"Unify the style of ES values","date":"2014-04-06"}
{"author":"tyoshino@","subject":"Add missing \"this.\"","date":"2014-04-01","hash":"d5a4a96"}
{"date":"2014-03-17","subject":"Cancellation should behave more like closing.","hash":"4fc5e34","author":"domenic@"}
{"hash":"4fad205","subject":"Tidy up tests a bit.","date":"2014-03-17","author":"domenic@"}
{"author":"domenic@","subject":"Make `wait()` return a resolved promise when a BRS is closed.","date":"2014-03-17","hash":"fcd4e80"}
{"date":"2014-03-04","subject":"Make operation order consistent where possible.","hash":"e11dda0","author":"tyoshino@"}
{"hash":"dbb2dc6","date":"2014-03-03","subject":"Reorganize the read() algorithm","author":"tyoshino@"}
{"author":"tyoshino@","hash":"870ee91","subject":"BWS: Initialize [[closedPromise]]","date":"2014-03-03"}
{"author":"tyoshino@","date":"2014-03-03","subject":"BWS.write: Create promise only when necessary","hash":"068b425"}
{"hash":"8538e93","date":"2014-03-04","subject":"BWS reference impl: Clear [[buffer]] on [[error]]","author":"tyoshino@"}
{"author":"tyoshino@","hash":"8cc3ad5","subject":"Typo fix","date":"2014-03-03"}
{"author":"domenic@","subject":"Add logo.","date":"2014-02-22","hash":"24b1371"}
{"date":"2014-02-22","subject":"Factor out [[advanceBuffer]] in BWS. Closes #84.","hash":"22dc6c2","author":"domenic@"}
{"hash":"7740950","subject":"Remove stubs that are unlikely to make it.","date":"2014-02-22","author":"domenic@"}
{"author":"domenic@","subject":"Gut all the text: a better version exists in official-lookin","date":"2014-02-22","hash":"f89eaf7"}
{"subject":"Move Takeshi to special thanks section.","date":"2014-02-22","hash":"5406246","author":"domenic@"}
{"subject":"Rewrite the stream subclassing section for brevity.","date":"2014-02-22","hash":"9aef30f","author":"domenic@"}
{"date":"2014-02-22","subject":"Port over and expand the stream subclassing section.","hash":"90413bf","author":"domenic@"}
{"hash":"d149d67","date":"2014-02-22","subject":"Link to revealing constructor pattern.","author":"domenic@"}
{"author":"domenic@","hash":"900a2d2","date":"2014-02-22","subject":"Update for readable abort becoming cancel."}
{"author":"domenic@","hash":"c9c4ead","subject":"Forrest moves to the special thanks section.","date":"2014-02-22"}
{"author":"domenic@","subject":"Add more readable and writable stream stuff.","date":"2014-02-22","hash":"fc5e0a5"}
{"date":"2014-02-22","subject":"Port over most of the readable stream intro.","hash":"fd4bdf5","author":"domenic@"}
{"hash":"bad5e03","subject":"First draft at putting things in HTML format.","date":"2014-02-22","author":"domenic@"}
{"author":"domenic@","date":"2014-02-22","subject":"Tidy up [[doClose]] by using promise-calling.","hash":"a3cd2d8"}
{"hash":"1ef9689","date":"2014-02-22","subject":"Finish separating readable cancel/writable abort.","author":"domenic@"}
{"author":"domenic@","hash":"1fe90a3","subject":"Handle asynchronous cancellation processes better.","date":"2014-02-22"}
{"author":"domenic@","subject":"Rename readable stream abort to cancel.","date":"2014-02-22","hash":"c6dc403"}
{"date":"2014-02-22","subject":"Handle errors calling start or pull in BRS.","hash":"98c2402","author":"domenic@"}
{"hash":"941ca2d","date":"2014-02-22","subject":"Include [[started]] in the testable implementation.","author":"domenic@"}
{"author":"domenic@","hash":"835f871","subject":"Fix testable implementation's [[callPull]].","date":"2014-02-22"}
{"author":"domenic@","subject":"Rename \"random push stream\" to \"random push source\" in tests.","date":"2014-02-22","hash":"30695c2"}
{"date":"2014-02-13","subject":"Set [[pulling]] in [[callPull]] also in the reference implementation","hash":"58c7587","author":"tyoshino@"}
{"hash":"727e166","subject":"Use more distinguishable name for BWS.[[doAbort]] arg","date":"2014-02-13","author":"tyoshino@"}
{"author":"tyoshino@","date":"2014-02-12","subject":"Remove unnecessary step from [[doClose]]","hash":"767a5b0"}
{"hash":"96acf0a","subject":"\"writeable\" -> \"writable\"","date":"2014-02-10","author":"tyoshino@"}
{"author":"tyoshino@","subject":"Group BaseReadableStream's internal methods","date":"2014-02-10","hash":"ccfb7bb"}
{"date":"2014-02-08","subject":"Set [[pulling]] in [[callPull]].","hash":"9ce45f1","author":"ysnysnysn@"}
{"hash":"9e3036b","date":"2014-02-07","subject":"Missing [[bufferSize]] to WritableStream","author":"ysnysnysn@"}
{"author":"domenic@","hash":"0e99303","date":"2014-02-03","subject":"Fix #63: use { input, output } instead of { in, out }."}
{"author":"domenic@","hash":"cb45feb","subject":"Fix #65: ensure constructor options are callable.","date":"2014-02-03"}
{"author":"domenic@","subject":"Use `TypeError`s.","date":"2014-02-03","hash":"05369d4"}
{"date":"2014-01-24","subject":"Fix #56: BaseWritableStream's `close()` return value.","hash":"9147164","author":"domenic@"}
{"hash":"0e2a26d","subject":"Use ES6 defaulting semantics in reference implementation.","date":"2014-01-24","author":"domenic@"}
{"author":"domenic@","subject":"Add some type/shape checking for pipeThrough.","date":"2014-01-24","hash":"9310f07"}
{"subject":"Fix use of reserved word for variable name in pipeThrough.","date":"2014-01-24","hash":"dc9bc07","author":"domenic@"}
{"subject":"Expand the reference implementation and tests, including BaseWritableStream.","date":"2014-01-23","hash":"3a097a4","author":"forrest@"}
{"subject":"Fix #58: pipeThrough was poorly written.","date":"2014-01-23","hash":"7738505","author":"domenic@"}
{"subject":"Add missing return value to BaseWritableStream's close.","date":"2014-01-22","hash":"bcf0040","author":"domenic@"}
{"date":"2014-01-21","subject":"Add the beginning of a reference implementation.","hash":"6d20b7e","author":"forrest@"}
{"hash":"d4564da","date":"2014-01-21","subject":"Be more explicit about return value from [[push]].","author":"domenic@"}
{"author":"domenic@","hash":"85b265f","subject":"Fix outdated API usage in Examples.md.","date":"2014-01-19"}
{"author":"domenic@","date":"2014-01-19","subject":"Explain that subclasses can override behavior.","hash":"4e61814"}
{"hash":"0c18c2b","date":"2014-01-19","subject":"Leftover \"finished,\" should be \"closed.\"","author":"domenic@"}
{"author":"domenic@","hash":"9f491eb","date":"2014-01-19","subject":"Add worked-out writable stream examples. Closes #48."}
{"author":"domenic@","hash":"5bb8791","subject":"Correctly close the file handle if there's an error writing.","date":"2014-01-19"}
{"author":"domenic@","subject":"Add Acknowledgments section.","date":"2014-01-19","hash":"e9b2fb5"}
{"date":"2014-01-19","subject":"Switch from \"dispose\" to \"abort.\"","hash":"8dd0b14","author":"domenic@"}
{"hash":"d5428f6","subject":"Separate out pipe into pipeThrough and pipeTo.","date":"2014-01-19","author":"domenic@"}
{"author":"domenic@","subject":"Unify names for readable and writable. Closes #47.","date":"2014-01-19","hash":"fda5a79"}
{"date":"2014-01-13","subject":"Use \"started\" in diagram, not \"starting.\"","hash":"6b0d5b8","author":"domenic@"}
{"hash":"c891d01","date":"2014-01-13","subject":"Start explaining writable streams.","author":"domenic@"}
{"author":"domenic@","hash":"3b9075c","date":"2014-01-13","subject":"Some cleanups to new explanatory material."}
{"author":"domenic@","hash":"f56278e","date":"2014-01-13","subject":"Add more explanatory material for readable stream."}
{"author":"domenic@","hash":"8642604","subject":"Add a stub of CorkableWritableStream, per #27.","date":"2013-11-29"}
{"author":"domenic@","subject":"Add WritableStream with customizable backpressure strategy.","date":"2013-11-29","hash":"7339d45"}
{"date":"2013-11-29","subject":"Fix minor issues with ReadableStream.","hash":"261598a","author":"domenic@"}
{"hash":"090ad39","subject":"Update status. We're doing pretty OK now.","date":"2013-11-29","author":"domenic@"}
{"author":"domenic@","subject":"Show how to adapt an asynchronous close for a pull source.","date":"2013-11-29","hash":"a041126"}
{"date":"2013-11-29","subject":"Update state descriptions to be a bit more precise.","hash":"31d2d25","author":"domenic@"}
{"hash":"6646e28","date":"2013-11-29","subject":"Use `this.` prefix when accessing internal properties/methods.","author":"domenic@"}
{"author":"domenic@","hash":"a82ea43","subject":"Move readable stream internal methods after real methods.","date":"2013-11-29"}
{"author":"domenic@","date":"2013-11-29","subject":"Better BaseWritableStream formulation.","hash":"56ae6da"}
{"hash":"c8f5d5f","date":"2013-11-28","subject":"Add fleshed-out BaseWritableStream.","author":"domenic@"}
{"author":"domenic@","hash":"d4d8d7d","subject":"Add TeeStream and multi-pipe.","date":"2013-11-28"}
{"author":"domenic@","subject":"Loosen up the writev requirement. Closes #41.","date":"2013-11-18","hash":"ed1cc53"}
{"date":"2013-11-17","subject":"Add LengthBufferingStrategy and CountBufferingStrategy.","hash":"f287105","author":"domenic@"}
{"hash":"f6b7dd1","subject":"Expand stream creation examples.","date":"2013-11-17","author":"domenic@"}
{"author":"domenic@","subject":"First pass at ReadableStream and backpressure strategies.","date":"2013-11-17","hash":"c133404"}
{"subject":"Fix bug in pipe; thanks @Raynos.","date":"2013-11-17","hash":"1b97830","author":"domenic@"}
{"subject":"Re-organize in preparation for more work.","date":"2013-11-17","hash":"ceb708d","author":"domenic@"}
{"date":"2013-11-16","subject":"Explain the style of IDL we are using.","hash":"2620618","author":"domenic@"}
{"hash":"146f07d","date":"2013-11-16","subject":"Clarify backpressure when adapting pull and push sources.","author":"domenic@"}
{"author":"marcosscaceres@","hash":"20a1210","date":"2013-11-10","subject":"Fixed small typos"}
{"author":"domenic@","hash":"792a8d2","subject":"Don't call `pull` until the stream has started.","date":"2013-11-08"}
{"author":"domenic@","subject":"Rewrite internal state machine of BaseReadableStream.","date":"2013-11-08","hash":"2f7bd66"}
{"date":"2013-11-08","subject":"Fix #34: usages of nonexistant \"state\" property.","hash":"62c4c83","author":"domenic@"}
{"hash":"8cee378","subject":"Fix BaseWritableStream IDL name","date":"2013-11-08","author":"tzik@"}
{"author":"domenic@","date":"2013-11-05","subject":"Fix constructor parameter to be \"start\" not \"initialize.\"","hash":"4920013"}
{"hash":"6e87222","date":"2013-11-04","subject":"Add getNext example and fix existing ones.","author":"domenic@"}
{"author":"domenic@","hash":"2c74646","subject":"Add CC0.","date":"2013-11-04"}
{"author":"domenic@","subject":"Update status.","date":"2013-11-04","hash":"7a6e303"}
{"date":"2013-11-04","subject":"Stop comments from wrapping.","hash":"5455ae6","author":"domenic@"}
{"hash":"a73a7e2","date":"2013-11-04","subject":"Add first stab at WritableStream API.","author":"domenic@"}
{"author":"domenic@","hash":"2eaadce","subject":"Add mutex so that pull is not called too often.","date":"2013-11-04"}
{"author":"domenic@","subject":"Add example usage and creation of BaseReadableStream.","date":"2013-11-04","hash":"64e5572"}
{"date":"2013-11-04","subject":"First stab at BaseReadableStream.","hash":"0145c70","author":"domenic@"}
{"hash":"26a9ada","subject":"Add passive data watching requirement and flesh out toolbox.","date":"2013-11-03","author":"domenic@"}
{"author":"domenic@","date":"2013-11-03","subject":"Add agnosticism requirement.","hash":"f2273fc"}
{"hash":"dbcb1aa","subject":"Add more requirements and do some editorial restructuring.","date":"2013-11-03","author":"domenic@"}
{"author":"domenic@","subject":"Explain alternate duplex strategy per @Raynos.","date":"2013-11-03","hash":"a84b24e"}
{"date":"2013-11-03","subject":"Add a \"why\" for backpressure per @Raynos.","hash":"6ac3a64","author":"domenic@"}
{"hash":"59e5914","date":"2013-11-03","subject":"Add a note about overusing transform streams per @Raynos.","author":"domenic@"}
{"author":"domenic@","hash":"b1a1cbe","date":"2013-11-03","subject":"Add more requirements."}
{"author":"domenic@","hash":"ecd6783","subject":"Add details on adapting push- vs. pull-based data sources.","date":"2013-11-03"}
{"author":"domenic@","subject":"Start over. Toolbox plans retained.","date":"2013-11-03","hash":"6bb4e5e"}
{"date":"2013-10-30","subject":"Initial brain-dump.","hash":"c5d0887","author":"domenic@"}
